-- MySQL dump 10.13  Distrib 8.0.28, for Win64 (x86_64)
--
-- Host: localhost    Database: db_punto_venta
-- ------------------------------------------------------
-- Server version	8.0.28

/*!40101 SET @OLD_CHARACTER_SET_CLIENT=@@CHARACTER_SET_CLIENT */;
/*!40101 SET @OLD_CHARACTER_SET_RESULTS=@@CHARACTER_SET_RESULTS */;
/*!40101 SET @OLD_COLLATION_CONNECTION=@@COLLATION_CONNECTION */;
/*!50503 SET NAMES utf8 */;
/*!40103 SET @OLD_TIME_ZONE=@@TIME_ZONE */;
/*!40103 SET TIME_ZONE='+00:00' */;
/*!40014 SET @OLD_UNIQUE_CHECKS=@@UNIQUE_CHECKS, UNIQUE_CHECKS=0 */;
/*!40014 SET @OLD_FOREIGN_KEY_CHECKS=@@FOREIGN_KEY_CHECKS, FOREIGN_KEY_CHECKS=0 */;
/*!40101 SET @OLD_SQL_MODE=@@SQL_MODE, SQL_MODE='NO_AUTO_VALUE_ON_ZERO' */;
/*!40111 SET @OLD_SQL_NOTES=@@SQL_NOTES, SQL_NOTES=0 */;

--
-- Table structure for table `clientes`
--

DROP TABLE IF EXISTS `clientes`;
/*!40101 SET @saved_cs_client     = @@character_set_client */;
/*!50503 SET character_set_client = utf8mb4 */;
CREATE TABLE `clientes` (
  `idCliente` int NOT NULL AUTO_INCREMENT,
  `nombres` varchar(60) DEFAULT NULL,
  `apellidos` varchar(60) DEFAULT NULL,
  `NIT` varchar(12) DEFAULT NULL,
  `genero` bit(1) DEFAULT NULL,
  `telefono` varchar(25) DEFAULT NULL,
  `correo_electronico` varchar(25) DEFAULT NULL,
  `fechaingreso` datetime DEFAULT NULL,
  PRIMARY KEY (`idCliente`)
) ENGINE=InnoDB AUTO_INCREMENT=6 DEFAULT CHARSET=utf8mb4 COLLATE=utf8mb4_0900_ai_ci;
/*!40101 SET character_set_client = @saved_cs_client */;

--
-- Dumping data for table `clientes`
--

LOCK TABLES `clientes` WRITE;
/*!40000 ALTER TABLE `clientes` DISABLE KEYS */;
INSERT INTO `clientes` VALUES (1,'Tulio','Curup','454214',_binary '','52547189','tcurup@gmail.com','2022-01-01 00:00:00'),(2,'Kervin','Chitay','554214',_binary '','85547189','kcch@gmail.com','2022-01-01 00:00:00'),(3,'Daniel','Pirir','554844',_binary '','85007189','Dp@gmail.com','2022-01-05 00:00:00'),(4,'Cesar','Boror','557014',_binary '','85543289','Cboror@gmail.com','2022-01-01 00:00:00'),(5,'Augusto','Melendez','828195',_binary '','8885189','Ams@gmail.com','2022-01-01 00:00:00');
/*!40000 ALTER TABLE `clientes` ENABLE KEYS */;
UNLOCK TABLES;

--
-- Table structure for table `compras`
--

DROP TABLE IF EXISTS `compras`;
/*!40101 SET @saved_cs_client     = @@character_set_client */;
/*!50503 SET character_set_client = utf8mb4 */;
CREATE TABLE `compras` (
  `idcompra` int NOT NULL AUTO_INCREMENT,
  `no_orden_compra` int DEFAULT NULL,
  `idproveedor` int DEFAULT NULL,
  `fecha_orden` date DEFAULT NULL,
  `fechaingreso` datetime DEFAULT NULL,
  PRIMARY KEY (`idcompra`)
) ENGINE=InnoDB AUTO_INCREMENT=6 DEFAULT CHARSET=utf8mb4 COLLATE=utf8mb4_0900_ai_ci;
/*!40101 SET character_set_client = @saved_cs_client */;

--
-- Dumping data for table `compras`
--

LOCK TABLES `compras` WRITE;
/*!40000 ALTER TABLE `compras` DISABLE KEYS */;
INSERT INTO `compras` VALUES (1,1,1,'2022-01-05','2022-01-07 00:00:00'),(2,2,2,'2022-01-05','2022-01-07 00:00:00'),(3,3,3,'2022-01-05','2022-01-09 00:00:00'),(4,4,4,'2022-01-05','2022-01-09 00:00:00'),(5,5,5,'2022-01-05','2022-01-10 00:00:00');
/*!40000 ALTER TABLE `compras` ENABLE KEYS */;
UNLOCK TABLES;

--
-- Table structure for table `compras_detalle`
--

DROP TABLE IF EXISTS `compras_detalle`;
/*!40101 SET @saved_cs_client     = @@character_set_client */;
/*!50503 SET character_set_client = utf8mb4 */;
CREATE TABLE `compras_detalle` (
  `idcompra_detalle` bigint NOT NULL AUTO_INCREMENT,
  `idcompra` int DEFAULT NULL,
  `idproducto` int DEFAULT NULL,
  `cantidad` int DEFAULT NULL,
  `precio_costo_unitario` decimal(8,2) DEFAULT NULL,
  PRIMARY KEY (`idcompra_detalle`)
) ENGINE=InnoDB AUTO_INCREMENT=6 DEFAULT CHARSET=utf8mb4 COLLATE=utf8mb4_0900_ai_ci;
/*!40101 SET character_set_client = @saved_cs_client */;

--
-- Dumping data for table `compras_detalle`
--

LOCK TABLES `compras_detalle` WRITE;
/*!40000 ALTER TABLE `compras_detalle` DISABLE KEYS */;
INSERT INTO `compras_detalle` VALUES (1,1,1,10,4.00),(2,2,2,10,7.00),(3,3,3,10,7.00),(4,4,4,10,7.00),(5,5,5,10,7.00);
/*!40000 ALTER TABLE `compras_detalle` ENABLE KEYS */;
UNLOCK TABLES;

--
-- Table structure for table `empleados`
--

DROP TABLE IF EXISTS `empleados`;
/*!40101 SET @saved_cs_client     = @@character_set_client */;
/*!50503 SET character_set_client = utf8mb4 */;
CREATE TABLE `empleados` (
  `idEmpleado` int NOT NULL AUTO_INCREMENT,
  `nombres` varchar(60) DEFAULT NULL,
  `apellidos` varchar(60) DEFAULT NULL,
  `direccion` varchar(80) DEFAULT NULL,
  `telefono` varchar(25) DEFAULT NULL,
  `DPI` varchar(15) DEFAULT NULL,
  `genero` bit(1) DEFAULT NULL,
  `fecha_nacimiento` date DEFAULT NULL,
  `idPuesto` smallint DEFAULT NULL,
  `fecha_inicio_labores` date DEFAULT NULL,
  `fechaingreso` datetime DEFAULT NULL,
  PRIMARY KEY (`idEmpleado`)
) ENGINE=InnoDB AUTO_INCREMENT=6 DEFAULT CHARSET=utf8mb4 COLLATE=utf8mb4_0900_ai_ci;
/*!40101 SET character_set_client = @saved_cs_client */;

--
-- Dumping data for table `empleados`
--

LOCK TABLES `empleados` WRITE;
/*!40000 ALTER TABLE `empleados` DISABLE KEYS */;
INSERT INTO `empleados` VALUES (1,'Maryori','Curup','guatemala','564654','54546510',_binary '\0','2002-01-05',1,'2022-04-30','2022-04-04 00:00:00'),(2,'Zoila','Chitay','guatemala','578654','545101010',_binary '\0','2002-01-10',2,'2022-04-30','2022-04-30 00:00:00'),(3,'Manuel','Vasquez','guatemala','014654','1010546510',_binary '','2002-02-05',3,'2022-04-30','2022-04-30 00:00:00'),(4,'Ernesto','Solis','guatemala','5196541','59894610',_binary '','2000-01-11',4,'2022-04-30','2022-04-30 00:00:00'),(5,'Luis','Cotzojay','guatemala','564654','54546510',_binary '','2001-01-05',5,'2022-04-30','2022-04-30 00:00:00');
/*!40000 ALTER TABLE `empleados` ENABLE KEYS */;
UNLOCK TABLES;

--
-- Table structure for table `marcas`
--

DROP TABLE IF EXISTS `marcas`;
/*!40101 SET @saved_cs_client     = @@character_set_client */;
/*!50503 SET character_set_client = utf8mb4 */;
CREATE TABLE `marcas` (
  `idMarca` smallint NOT NULL AUTO_INCREMENT,
  `marca` varchar(50) DEFAULT NULL,
  PRIMARY KEY (`idMarca`)
) ENGINE=InnoDB AUTO_INCREMENT=6 DEFAULT CHARSET=utf8mb4 COLLATE=utf8mb4_0900_ai_ci;
/*!40101 SET character_set_client = @saved_cs_client */;

--
-- Dumping data for table `marcas`
--

LOCK TABLES `marcas` WRITE;
/*!40000 ALTER TABLE `marcas` DISABLE KEYS */;
INSERT INTO `marcas` VALUES (1,'Tortrix'),(2,'Fritolay'),(3,'Tacobell'),(4,'Lays'),(5,'Emperador');
/*!40000 ALTER TABLE `marcas` ENABLE KEYS */;
UNLOCK TABLES;

--
-- Table structure for table `productos`
--

DROP TABLE IF EXISTS `productos`;
/*!40101 SET @saved_cs_client     = @@character_set_client */;
/*!50503 SET character_set_client = utf8mb4 */;
CREATE TABLE `productos` (
  `idProducto` int NOT NULL AUTO_INCREMENT,
  `producto` varchar(50) DEFAULT NULL,
  `idMarca` smallint DEFAULT NULL,
  `Descripcion` varchar(100) DEFAULT NULL,
  `Imagen` varchar(30) DEFAULT NULL,
  `precio_costo` decimal(8,2) DEFAULT NULL,
  `precio_venta` decimal(8,2) DEFAULT NULL,
  `existencia` int DEFAULT NULL,
  `fecha_ingreso` datetime DEFAULT NULL,
  PRIMARY KEY (`idProducto`)
) ENGINE=InnoDB AUTO_INCREMENT=6 DEFAULT CHARSET=utf8mb4 COLLATE=utf8mb4_0900_ai_ci;
/*!40101 SET character_set_client = @saved_cs_client */;

--
-- Dumping data for table `productos`
--

LOCK TABLES `productos` WRITE;
/*!40000 ALTER TABLE `productos` DISABLE KEYS */;
INSERT INTO `productos` VALUES (1,'Tortrix',1,'golosina sabor barbacoa','',4.00,5.00,10,'2022-01-01 00:00:00'),(2,'Dorito',2,'golosina sabor picante','',7.00,10.00,10,'2022-01-01 00:00:00'),(3,'Burrito',3,'Tortilla con frijol','',7.00,10.00,10,'2022-01-01 00:00:00'),(4,'Papitas',4,'golosina de papas','',7.00,10.00,10,'2022-01-01 00:00:00'),(5,'Galletas',5,'sabor vainilla','',7.00,10.00,10,'2022-01-01 00:00:00');
/*!40000 ALTER TABLE `productos` ENABLE KEYS */;
UNLOCK TABLES;

--
-- Table structure for table `proveedores`
--

DROP TABLE IF EXISTS `proveedores`;
/*!40101 SET @saved_cs_client     = @@character_set_client */;
/*!50503 SET character_set_client = utf8mb4 */;
CREATE TABLE `proveedores` (
  `idProveedor` int NOT NULL AUTO_INCREMENT,
  `proveedor` varchar(60) DEFAULT NULL,
  `nit` varchar(12) DEFAULT NULL,
  `direccion` varchar(80) DEFAULT NULL,
  `telefono` varchar(25) DEFAULT NULL,
  PRIMARY KEY (`idProveedor`)
) ENGINE=InnoDB AUTO_INCREMENT=6 DEFAULT CHARSET=utf8mb4 COLLATE=utf8mb4_0900_ai_ci;
/*!40101 SET character_set_client = @saved_cs_client */;

--
-- Dumping data for table `proveedores`
--

LOCK TABLES `proveedores` WRITE;
/*!40000 ALTER TABLE `proveedores` DISABLE KEYS */;
INSERT INTO `proveedores` VALUES (1,'Tortigt','145450','guatemala','54879465'),(2,'Fritolaygt','155450','guatemala','545404565'),(3,'Tacot','165450','guatemala','54878450'),(4,'layst','175450','guatemala','548787565'),(5,'emperadorgtt','185450','guatemala','54884465');
/*!40000 ALTER TABLE `proveedores` ENABLE KEYS */;
UNLOCK TABLES;

--
-- Table structure for table `puestos`
--

DROP TABLE IF EXISTS `puestos`;
/*!40101 SET @saved_cs_client     = @@character_set_client */;
/*!50503 SET character_set_client = utf8mb4 */;
CREATE TABLE `puestos` (
  `idPuesto` smallint NOT NULL AUTO_INCREMENT,
  `puesto` varchar(50) DEFAULT NULL,
  PRIMARY KEY (`idPuesto`)
) ENGINE=InnoDB AUTO_INCREMENT=6 DEFAULT CHARSET=utf8mb4 COLLATE=utf8mb4_0900_ai_ci;
/*!40101 SET character_set_client = @saved_cs_client */;

--
-- Dumping data for table `puestos`
--

LOCK TABLES `puestos` WRITE;
/*!40000 ALTER TABLE `puestos` DISABLE KEYS */;
INSERT INTO `puestos` VALUES (1,'Gerente'),(2,'Cajero'),(3,'Bodega'),(4,'Contabilidad'),(5,'Informatica');
/*!40000 ALTER TABLE `puestos` ENABLE KEYS */;
UNLOCK TABLES;

--
-- Table structure for table `ventas`
--

DROP TABLE IF EXISTS `ventas`;
/*!40101 SET @saved_cs_client     = @@character_set_client */;
/*!50503 SET character_set_client = utf8mb4 */;
CREATE TABLE `ventas` (
  `idVenta` int NOT NULL AUTO_INCREMENT,
  `nofactura` int DEFAULT NULL,
  `serie` char(1) DEFAULT NULL,
  `fechafactura` date DEFAULT NULL,
  `idcliente` int DEFAULT NULL,
  `idempleado` int DEFAULT NULL,
  `fechaingreso` datetime DEFAULT NULL,
  PRIMARY KEY (`idVenta`)
) ENGINE=InnoDB AUTO_INCREMENT=6 DEFAULT CHARSET=utf8mb4 COLLATE=utf8mb4_0900_ai_ci;
/*!40101 SET character_set_client = @saved_cs_client */;

--
-- Dumping data for table `ventas`
--

LOCK TABLES `ventas` WRITE;
/*!40000 ALTER TABLE `ventas` DISABLE KEYS */;
INSERT INTO `ventas` VALUES (1,1,'C','2022-04-30',1,2,'2022-04-30 00:00:00'),(2,2,'C','2022-05-30',2,2,'2022-04-30 00:00:00'),(3,3,'C','2022-05-10',3,2,'2022-04-30 00:00:00'),(4,4,'C','2022-06-10',1,2,'2022-04-30 00:00:00'),(5,5,'C','2022-06-10',5,2,'2022-04-30 00:00:00');
/*!40000 ALTER TABLE `ventas` ENABLE KEYS */;
UNLOCK TABLES;

--
-- Table structure for table `ventas_detalle`
--

DROP TABLE IF EXISTS `ventas_detalle`;
/*!40101 SET @saved_cs_client     = @@character_set_client */;
/*!50503 SET character_set_client = utf8mb4 */;
CREATE TABLE `ventas_detalle` (
  `idventa_detalle` bigint NOT NULL AUTO_INCREMENT,
  `idVenta` int DEFAULT NULL,
  `idProducto` int DEFAULT NULL,
  `cantidad` varchar(45) DEFAULT NULL,
  `precio_unitario` decimal(8,2) DEFAULT NULL,
  PRIMARY KEY (`idventa_detalle`)
) ENGINE=InnoDB AUTO_INCREMENT=6 DEFAULT CHARSET=utf8mb4 COLLATE=utf8mb4_0900_ai_ci;
/*!40101 SET character_set_client = @saved_cs_client */;

--
-- Dumping data for table `ventas_detalle`
--

LOCK TABLES `ventas_detalle` WRITE;
/*!40000 ALTER TABLE `ventas_detalle` DISABLE KEYS */;
INSERT INTO `ventas_detalle` VALUES (1,1,1,'1',5.00),(2,2,1,'2',5.00),(3,3,2,'4',10.00),(4,4,3,'2',10.00),(5,5,5,'2',10.00);
/*!40000 ALTER TABLE `ventas_detalle` ENABLE KEYS */;
UNLOCK TABLES;
/*!40103 SET TIME_ZONE=@OLD_TIME_ZONE */;

/*!40101 SET SQL_MODE=@OLD_SQL_MODE */;
/*!40014 SET FOREIGN_KEY_CHECKS=@OLD_FOREIGN_KEY_CHECKS */;
/*!40014 SET UNIQUE_CHECKS=@OLD_UNIQUE_CHECKS */;
/*!40101 SET CHARACTER_SET_CLIENT=@OLD_CHARACTER_SET_CLIENT */;
/*!40101 SET CHARACTER_SET_RESULTS=@OLD_CHARACTER_SET_RESULTS */;
/*!40101 SET COLLATION_CONNECTION=@OLD_COLLATION_CONNECTION */;
/*!40111 SET SQL_NOTES=@OLD_SQL_NOTES */;

-- Dump completed on 2022-04-30 11:40:43
